id;nom;prenom;date_naiss;lieu_naiss;sexe;telephone;adresse_physique;email;cni;matricule
1;integrated Frozen Cambridgeshire;Corse COM b;2022-10-26;Avon parsing;FEMININ;21987;Aquitaine turquoise markets;Leu_Aubry@gmail.com;33272;deposit de applications
2;d'Assas;Granite withdrawal invoice;2022-10-27;invoice;MASCULIN;97077;microchip 1080p out-of-the-box;Athina.Breton@gmail.com;86704;transmitter incubate d'Orsel
3;Vanuatu Saint-Denis;Convertible back-end;2022-10-27;orchid;MASCULIN;92616;benchmark flexibility ivory;Stphane_Poirier@yahoo.fr;38522;incubate
4;Architecte c USB;non-volatile;2022-10-26;contextually-based Tuna array;MASCULIN;43621;needs-based Card;Olive89@gmail.com;25803;withdrawal feed
5;Gorgeous payment;Ergonomic;2022-10-27;Music haptic matrices;FEMININ;54889;Soft;Amiel89@yahoo.fr;55856;Tasty Basse-Normandie COM
6;red Tasty;Games project;2022-10-27;global;FEMININ;1044;generating;Amaliane_Cousin63@gmail.com;65261;Granite
7;Avon;multi-byte matrices;2022-10-27;Haute-Normandie d'Abbeville;MASCULIN;71432;Shoes Automotive explicit;Esther.Prevost@yahoo.fr;73297;c solid calculating
8;Buckinghamshire engineer Molière;Loan;2022-10-26;transmit Saint-Christophe-et-Niévès;FEMININ;49926;hard SAS;Annonciade_Charpentier@hotmail.fr;61418;b
9;cohesive azure Steel;bluetooth Ouganda Intelligent;2022-10-27;SMTP Saint-Jacques redundant;MASCULIN;32786;technologies User-centric b;Vital_Marchal50@hotmail.fr;74816;bypassing
10;copying panel;withdrawal;2022-10-26;synergize;FEMININ;66922;communities capacitor;Christine_Menard@gmail.com;31069;override facilitate Allemagne
