id;nom;prenom;date_naiss;lieu_naiss;sexe;telephone;email;profil
1;Monténégro;circuit discrete Bedfordshire;2022-10-26;Handmade Lanka calculate;MASCULIN;57464;Galle.Hubert@yahoo.fr;ELEVE
2;Saint-Dominique connect;transmit;2022-10-26;multi-byte services Open-source;MASCULIN;80743;Athnas.Guillaume40@yahoo.fr;ELEVE
3;Chair;d'Alésia Seamless;2022-10-27;a Cambridgeshire engineer;FEMININ;70841;piphane_Aubert80@gmail.com;ELEVE
4;Investment vortals;Digitized b deposit;2022-10-27;Rica Chips Synchronised;MASCULIN;92635;Anmone.Carre24@yahoo.fr;PROFESSIONNEL
5;e-tailers Buckinghamshire Jewelery;navigating Steel Wooden;2022-10-27;Guyane;FEMININ;76751;Michel.Charles28@gmail.com;ELEVE
6;Developpeur Rustic;Synergistic benchmark Music;2022-10-26;c Directeur;FEMININ;96656;Taurin_Aubert@gmail.com;PROFESSIONNEL
7;e-commerce;a THX;2022-10-27;vortals Mouse c;MASCULIN;25546;Aubertine_Menard78@yahoo.fr;ETUDIANT
8;b;fresh-thinking a bandwidth;2022-10-27;open-source mobile;FEMININ;24820;Sylvestre_Picard79@yahoo.fr;PROFESSIONNEL
9;Quality-focused Cambridgeshire;e-services Hat CFP;2022-10-26;bandwidth 24/365 Cheese;FEMININ;77536;Violette54@yahoo.fr;ELEVE
10;calculating;Loan Dominique;2022-10-27;Assistant bricks-and-clicks;FEMININ;27605;Pnlope27@hotmail.fr;ETUDIANT
