id;nom;prenom;date_naiss;lieu_naiss;sexe;telephone;adresse_physique;email;cni
1;navigating;bandwidth navigate Somalie;2022-10-27;payment wireless Salad;MASCULIN;40642;Coordinateur;Archange81@hotmail.fr;45690
2;granular Zadkine;eyeballs Riel;2022-10-26;RAM Aquitaine alarm;MASCULIN;45887;Directeur drive Verde;Clmence_Masson@hotmail.fr;97792
3;a index;envisioneer synthesize;2022-10-27;connect Berkshire Producteur;FEMININ;66299;calculate SSL b;Brangre_Gauthier28@gmail.com;95660
4;bus;redundant azure Synergized;2022-10-26;markets USB Games;FEMININ;5433;FTP tan Malte;Aymard.Dasilva31@hotmail.fr;27370
5;Djibouti;Gorgeous logistical;2022-10-26;c c B2B;FEMININ;87680;b Rupee;Jrmie_Blanc@yahoo.fr;3059
6;override orchid;Afghanistan Ergonomic Architecte;2022-10-27;index Architecte c;MASCULIN;77119;Corse;Charles.Roger@yahoo.fr;90803
7;RAM Chips;Picardie Zambie;2022-10-27;communities;MASCULIN;13568;Bedfordshire engage Outdoors;vrard.Fernandez20@gmail.com;71550
8;Picardie bluetooth;b Saint-Vincent-et-les-Grenadines task-force;2022-10-27;Electronics override;MASCULIN;1563;synthesizing RSS;Laurane_Louis64@gmail.com;98288
9;groupware reinvent IB;interface;2022-10-26;Agent;FEMININ;46080;a Alsace;Aurelle_Guillot@hotmail.fr;21862
10;envisioneer Market c;services microchip;2022-10-27;Awesome;MASCULIN;5236;auxiliary backing;Stanislas45@hotmail.fr;9969
